Word,Definition,Part of Speech,Semantic Domain,Sense Reference Number
kamun,cielo.,sus,"Universo, la creación",1
naí,cielo.,sus,"Cielo, atmósfera, firmamento, esfera celeste, espacio celestial, infinito, inmensidad",1
pítzki,salir el sol.,vi,Sol,1
oxú ,luna.,sus,Luna,1
vishí,estrella.,sus,Estrella,2
nívo ,nombre de un planeta.,sus,Planeta,2
páyatí,abanico.,sus,Soplar aire,1
nizkahi,hacer calor.,vi,Clima,1
níyu,viento.,sus,Viento,1
nai-cháhohi,"nublarse, oscurecerse el cielo anunciando la lluvia.",vi,Nube,1
kánuzhí,"parar, detenerse (la lluvia).",vi,Lluvia,1
kánaa,"relámpago, trueno.",sus,"Relámpago / rayo, trueno",1
maí ,"tierra, suelo.",sus,Tierra,1
kárunnáha,"cerro, monte, elevación.",sus,Montaña,2
páronyá,con lados planos.,adj,"Planicie, (llano, llanura), meseta, (altiplanicie)",2
mai-kúnpo,valle.,sus,Valle,2
níhi,"monte, selva.",sus,Terremoto,2
mai-yákoohi,haber un temblor o terremoto.,vi,Terremoto,2
mai-póto,polvo.,sus,"Tierra, Polvo",2
mánkan,"piedra dura, roca.",sus,Roca,2
múnshon,carbón.,sus,Mineral,2
póvu-póvuhí,burbujear.,vi,Líquido,2
xuní,"aceite, manteca.",sus,Aceite,2
kohín,"humo, vapor.",sus,Gas,2
vakónhma,agua.,sus,Agua,2
ínyan,"cocha (amz.), lago, pantano.",sus,"Océano, lago",2
Inoyá,Río Inuya.,sus,Río,2
názi,isla.,sus,"Isla, orilla/playa",2
pónonnái,caída de agua.,sus,Movimiento del agua,2
naókin,derramar.,vt,"Echar, verter",2
tózoohí,gotear.,vi,Gotear,2
vúchon ,ola.,sus,Ola,2
ovánhki,mojarse con la lluvia.,vi,Mojado,2
chóshihí,secarse.,vi,Seco,2
jíkihí ,hundirse (sg.).,vi,Estar en el agua,2
jóroz,turbio.,adj,Calidad del agua,2
jíriyá,vivo.,adj,Cosas vivas,2
=vo,"finado, difunto.",adj,Planta,2
atzá,yuca.,sus,Planta,2
áko,"ishpingo (amz.), especie de árbol maderable.",sus,Árbol,1
íshishmóvu,"ishanga (amz.), ortiga.",sus,"Arbusto, maleza, matorral",2
ányanx,"támishi (amz.), especie de bejuco o liana.",sus,"Césped/pasto, hierba, enredadera",1
ítzon,alga.,sus,"Musgo, hongos, alga",1
chámaxyá,que tiene pelusa y causa comezón.,adj,Pelo,2
chíshkoohí,madurarse la caña de azúcar.,vi,Crecimiento de plantas,2
chítu,animal de caza.,sus,Alimentos procedentes de animales,2
ítzapá,especie de jabalí.,sus,Mamífero,2
ízo,"maquisapa (amz.), mono araña, especie de mono grande con brazos y dedos muy largos.",sus,Primate,2
inánha,"tigre (amz.), jaguar.",sus,Carnívoro,2
áá,"sachavaca (amz.), tapir.",sus,Animales con pezuña,1
ámun,"ronsoco (amz.), capibara, roedor de mayor tamaño y peso en el mundo.",sus,Roedor,1
máxoo,"zorro (amz.), raposa (amz.), zarigüeya.",sus,Marsupial,1
náhin,"pelejo (amz.); oso perezoso de tres dedos, de color cenizo.",sus,"Oso hormiguero, aardvark",1
junúhno,nutria.,sus,Mamífero de mar,1
kashí,murciélago.,sus,Murciélago,1
áávukó,"camungo (amz.), buitre de ciénaga. Ave de color negruzco que vive en las cochas. Lleva en la cabeza un copete de consistencia córnea.",sus,Ave,1
ápashíro,camaleón grande.,sus,Reptil,1
júnu-róno,boa.,sus,Víbora,1
votí,"teparo (amz.), cupiso (amz.), especie de tortuga de hábitos semi-acuáticos. Es propia de la cuenca amazónica del sur de Colombia, noreste del Perú y norte de Brasil.",sus,Tortuga,1
kápuu-cháho,"lagarto negro (amz.), caimán negro.",sus,Cocodrilo,1
chakí,sapo pequeño y negro.,sus,Anfibio,1
ámakíri,"gamitana (amz.), cachama negra, especie de pez.",sus,Pez,1
íí,raya.,sus,"Tiburón, ray (pez con esqueleto cartilaginosos, cuerpo aplanado y cola estrecha)",1
aachíchi,especie de grillo.,sus,Insecto,1
múncha,araña grande que vive en el agua.,sus,Araña,1
chánpish,almeja.,sus,Animales pequeños,2
chínto,"sin cola, mocho de la cola.",adj,Partes de un animal,2
máshpi,cresta de un ave.,sus,Partes de un ave,2
íshpi,espina de pez.,sus,Partes de un pez,1
chíyux,aguijón de un insecto.,sus,Partes de un insecto,1
ino-vaku,"cachorro, perrito.",sus,Perro,2
tóshiihí,romperse el cascarón.,vi,Huevo,1
chankánkin ,morder dos o más veces una culebra.,vt,Acciones de los animales,1
jíshka-jíshkakin,"colear, mover mucho la cola.",vt,Movimiento animal,2
jónvinhí,ronronear (un gato).,vi,Sonidos de animales,2
náha,nido.,sus,Grupo animal,2
íchax,"en manada, entre varios, en grupo de varios. Se usa con un verbo intransitivo.",adv,Grupo animal,2
átapa-jápa,gallo.,sus,Animales Machos y Hembras,2
chixó,nalga.,sus,Cuerpo,2
kóztuuhí,cortar mandíbula.,vi,Cabeza,2
vu-,"en el ojo, en relación al ojo.",sus,Ojo,1
pánxan,"cerumen, suciedad de la oreja.",sus,Oído,1
jáhoshíni,estornudar.,vi,Nariz,1
ja-,"en la lengua, con relación a la lengua.",sus,Boca,1
machapá,muela.,sus,Diente,1
chínkan,parte inferior de la espalda.,sus,Torso/Tronco del cuerpo,2
pontó,persona que no tiene brazo.,sus,Extremidad,1
múkun-kúrux,mano derecha.,sus,Brazo,1
jopóxko,tobillo.,sus,Pierna,1
jóntziz,uña del dedo de pie.,sus,Dedos de la mano/del pie,1
chórohí,cicatrizar de una quemadura.,vi,Piel,1
chámax,pelusa que da comezón.,sus,Pelo,2
chipaxkahan,pelvis.,sus,"Hueso, articulación",1
tutústi,músculos detrás del cuello.,sus,Carne,1
jínzonvópati,"vejiga, globo donde se acumula la orina.",sus,Órganos internos,1
jóvintí,corazón.,sus,Corazón,2
áuhkí,eructar.,vi,Estómago,2
jóora,semen.,sus,Órganos masculinos,2
chishpí,vagina.,sus,Órganos femeninos,2
taí,"bilis, hiel.",sus,Funciones del cuerpo,2
jóvinhí ,respirar.,vi,"Respirar, respiración",2
tzúkohí,tener hipo.,vi,"Escupir, saliva",5
koshtóóhka,saliva.,sus,"Escupir, saliva",5
jimí,sangre.,sus,"Sangrar, sangre",5
nízkanhí,sudar.,vi,Sudor,5
jínzon,orina.,sus,"Orinar, orina",5
chíxoohí,tener diarrea.,vi,Enfermedad del estómago,5
nínkaakín ,sentir.,vt,"Sentir, percibir",5
iinkin,"mirar, ver.",vt,Vista,2
káchiikíhi,mirar atrás.,vi,Mirar,2
yamarízhi,desaparecer.,vi,Aparecer,2
vúxna ,claro.,adj,Transparente,2
iromá ,"feo, de apariencia desagradable.",adj,Apariencia,2
mútzahí,embellecer.,vi,Escuchar,2
nínkaakín ,escuchar.,vt,Escuchar,3
chóva-chováhki,hacer ruido en el río.,vi,Sonido,3
chóva-chováhki,hacer ruido en el río.,vi,Sonido,3
átimá ,amargo,adj,Gusto,3
chúkochúko,"mal olor, como el de la orina.",sus,Gusto,2
vícháxkin,picar la pierna.,vt,Sentido del tacto,2
koshí ,fuerte.,adj,Fuerte,2
pánináhahi,no tener fuerza por no haber comido.,vi,Débil,3
játzanámuhi,"aburrirse, cansarse.",vi,Cansado,1
jóvinhí ,descansar.,vi,Descanso,1
ízinyá,enfermo.,adj,Enfermo,2
íroohí,sanar.,vi,Recuperarse de una enfermedad,2
jánankhí,vomitar.,vi,Enfermedad,2
chichonpí,piel que cuelga de la nalga de niños con desnutrición.,sus,"Desnutrición, hambre/inanición",2
chíchishí-chíchishíhki,tener sarpullido o erupción que causa comezón en la piel.,vi,Enfermedades de la piel,2
chixókin,"causar vómitos, hacer ruidos el estómago.",vt,Enfermedad del estómago,1
chóro,ampolla o cicatriz que sale después de una quemadura.,sus,Veneno,1
páhu,veneno (p. ej. de víbora o de sapo).,adj,Veneno,2
kintó,sin extremidad.,sus,Discapacitado/Incapacitado,1
vúro-kóro,catarata.,sus,Vista,1
panto,sin orejas,sus,Sordo,1
jantó,"sin lengua, mudo.",adj,Mudo,1
chámaxnáhahi,tener comezón al tocar una planta.,vi,Nariz,1
chovííhi,rasparse.,vi,Dolor,1
nováhki,hinchar.,vi,Hincharse,2
ráminnáhahi ,"desmayarse, perder el conocimiento.",vi,Pérdida del conocimiento,2
cháchikín ,poner una inyección.,vt,Tratar/atender la enfermedad,2
rahóókin,"curar, dar medicina.",vt,"Doctor, enfermera",1
móxoo,"sangre de grado, sangre de drago.",sus,Árbol,1
tokontí,"matico (amz.), tipo de hierba cuyas hojas y tallo se mantienen en la boca por bastantes horas para ennegrecer los dientes.",sus,Plantas medicinales,1
máxkahí ,"tener un ataque por enfermedad mental, estar o volverse loco.",vi,Enfermedad mental,1
vákuhí,nacer.,vi,Vida,6
aínhi,casarse un hombre.,vi,Matrimonio,6
múkapáikin,"enamorar a alguien, cortejar a alguien.",vt,Amor romántico,6
ákin ,tener relaciones sexuales.,vi,Relaciones sexuales,6
jotonkin,violar.,vt,Nacimiento,1
vákun-nátoo,ombligo.,sus,Nacimiento,1
tóhohí,"concebir, estar encinta, quedar embarazada.",vi,Embarazo,1
tóho,feto.,sus,Feto,1
vákuhí,nacer.,vi,Vida,1
máxko ,recién nacido.,adj,Bebé,1
chócho amakín,"amamantar, dar de mamar o lactar a un bebe.",vt,Cuidar a un bebé,1
jóni-váku,varoncito.,sus,Niño,1
púxkokín,criar.,vt,Criar a un niño,1
maxó,joven.,adj,Juventud,1
vúchon ,arruga.,sus,Piel,1
púxkoohí,crecer.,vi,"Crecer, hacerse grande",2
joní,hombre.,sus,Hombre,2
xáno,mujer.,sus,Mujer,2
júnumúranhi,ahogarse.,vi,Morir,2
júnumúrankín,ahogar a una persona o a un animal.,vt,Matar,1
navinshinin jovi,lengua o idioma yaminawa.,sus,Lengua y pensamiento,1
xávakánavó,espíritus malos.,sus,Religión,1
nínkaakín ,prestar atención a algo.,vt,Notar,1
shínanhí,"meditar, pensar, recordar.",vi,Pensar,1
shínanyá ,"inteligente, listo, astuto.",adj,Aprender,1
tápinkín,aprender algo nuevo.,vt,Aprender,1
kirikaakin,estudiar,vt,Estudiar,1
ónanhí ,"conocer, saber.",vi,Saber,1
nínkaakín ,entender.,vt,Comprensible/Entendible,2
nínkaakín ,entender.,vt,Comprensible/Entendible,2
kóonhí,"creer, decir la verdad.",vi,Decir la verdad,1
tzáha,no sé.,interj,Saber,1
múronhí,"tener pena, echar de menos, extrañar.",vi,Recordar,1
shínanyámakin,olvidar (lit. no estar con pensamiento).,vt,Olvidar,1
mánankín,esperar.,vt,Esperar,1
=katzaz,querer hacer algo.,sus,Modalidades Agente-orientado,1
kátookín,escoger.,vt,Elegir,1
rámizhí,"hacer malagüero, causar malagüero.",vi,Echar la suerte,1
kuunnáhahi,"codiciar, anhelar o desear lo que otro tiene (no es necesariamente negativo).",vt,Codiciar,1
yókaakín ,pedir.,vt,Solicitar,1
kuzájankin,¿Para qué? ¿Por qué? Expresa concordancia con sujeto transitivo.,vt,Sugerir,1
=miz,"no vaya ser que, aprehensivo.",vt,Prevenir,1
vúchitúkin,estorbar.,vt,Impedir,1
jásharááhi ,estar alegre.,vi,Emoción,1
múkaahí,"reír, reírse.",vi,Sentirse bien,2
záko-váztu,"tipo de planta piripiri usada para conquistar el amor de alguien. Las pepitas de esta planta se rallan finamente y se mezclan con perfume. Tras dietar durante todo un día, al día siguiente uno se aplica el perfume y se acerca a la persona deseada. Al oler la preparación, esta se sentirá irremediablemente atraída hacia el usuario del piripiri. La influencia de esta pusanga es tan poderosa que la persona conquistada no podrá resistirse ni podrá librarse de la atracción.",sus,"Gustar, amar",2
múkaahí ,divertirse.,vi,Disfrutar hacer algo,2
tánahmá,manso.,adj,Calma,1
múhox,"posheco (amz.), persona pálida o débil.",adj,Sentirse mal,1
aráhki,llorar.,vi,Triste,1
zináakin,"odiar, detestar, aborrecer.",vt,"Odiar, detestar",2
vachínhki ,reñir.,vi,Molesto/Contrariado,2
vashiikin,"celar a alguien, sentir celos por alguien.",vt,Celoso,2
ránoohí,"avergonzarse, tener vergüenza.",vi,Avergonzado,2
=niko ,"pobre, indica que el hablante siente pena o compasión por alguien.",adj,Apenado,2
nótzi,enojado.,adj,Enojado,2
nótzihí,"enojarse, estar enojado.",vi,Molesto,1
rákuuhí,tener miedo.,vi,Miedo/Temor,1
ránoohái,"tímido, cohibido, vergonzoso, que se avergüenza con facilidad.",adj,"Cohibido, tímido",1
jánonnú,"Déjalo así, así nomás.",vt,Comunicación,1
yóhikín,"decir, hablar.",vt,Decir,1
ayóó,exclamación de dolor.,interj,Gritar,1
vánxuxhí,"decir al oído, cuchichear.",vi,Hablar calladamente,1
níshmaahí,callarse.,vi,Decir la verdad,1
=rókon ,"de veras, verdaderamente, efectivamente, en efecto.",sus,Decir la verdad,1
ontzahí ,mentir.,vi,Decir una mentira,1
=ki,pretendiendo.,vi,Real,2
jóvihí,"conversar, narrar.",vi,Conversar,2
kunakín,"convocar, llamar.",vt,Llamar,2
múshakókin,"estrechar la mano, saludar.",vt,Saludar,2
káyotánonhí,"chau, adiós.",interj,Decir adiós.,2
=ra,enclítico que indica interrogación o pregunta.,vt,Preguntar,2
ráinvahíhki,responder de igual manera.,vi,Contestar/Responder,2
páxka-páxkakín,"probar, gustar.",vt,Probar,2
váchinánahi,discutir.,vi,Discutir,2
kánonnú,"término que se usa para agradecer, después de que se ha aceptado algo.",interj,Agradecer,2
óntzakín ,"calumniar, hablar mal de alguien sin base.",vt,Criticar,2
chániikín,"acusar, culpar.",vt,Culpar,2
jánukín,"burlarse de otro, calumniar, insultar.",vt,Insultar,2
chániihí,"avisar, chismear, quejarse de algo o alguien.",vi,Chismear,2
chániihí,"avisar, chismear, quejarse de algo o alguien.",vi,Chismear,1
joví,"idioma, palabra.",sus,Idioma,1
pí  ,¡Oíga! ¡Oye! (femenino) (dirigido a la hermana mayor de una mujer),interj,Palabra,1
ozanhí,sonreír.,vi,Expresiones faciales,1
píshtinkín,hacer cosquillas en las costillas.,vt,Actividades de la mano,1
vúhon ,lágrima.,sus,Escribir,1
jamákin,"tachar con lápiz, lapicero, etc.",vt,Escribir,1
kiriká ,libro.,sus,Material escrito,1
kirika yóvanhí,leer. Los dos componentes de este verbo pueden verse interrumpidos por el marcador de foco =mun.,vi,Leer,3
mónton.rúú,"altavoz natural de caracola o choro, especie de pututo.",sus,Aparatos de comunicación,3
=ti ,morfema verbal empleado en las instrucciones o descripciones sobre cómo se hace algo.,v,Enseñar,3
yóhisharáákin,explicar.,vt,"Mostrar, explicar",1
kiriká atí tapaz,escuela,sus,Escuela,1
koma-raho,"chiric sanango (amz.), usado como piripiri para que a uno se le acerquen los animales y los pueda cazar con facilidad.",sus,Planta,1
íkoohí,abrazarse el uno al otro.,vi,Actividades de la mano,1
jávujáha,"su enamorado o enamorada, su novio o novia. Se combina con los posesivos jan y jaton.",sus,"Novia, novio",1
amawaka,"amawaka/amahuaca, etnónimo atribuido al pueblo que se autodenomina ""yora"" = 'gente'.",sus,Clases de gente,1
kátinkín,dar palmadas en la espalda. (Solamente los hombres lo hacen.),vt,Mostrar afecto,1
chipí ,hermana menor de un hombre.,sus,"Familia, clan",1
íromá,"querido, término que combinado con ciertos términos de parentesco indica cariño. Adicionalmente parece indicar una relación de consanguineidad.",sus,Relación por naciminto,1
káívo-xúnivó,"antepasados, ancestros.",sus,"Abuelo, Abuela",1
jáha,"su madre, de él/ella.",sus,"Padre, madre",1
anaaká,"hermana menor de una mujer, hermano menor de un hombre.",sus,"Hermano, hermana",1
váku-jóni,hijo (lit. niño-hombre) de hombre.,sus,"Hijo, hija",1
váva,nieto o nieta de un hombre o de una mujer.,sus,"Nieto, nieta",1
áchi,tía paterna del hombre.,sus,"Tío, tía",1
póvirá,primo de una mujer por el tío paterno.,sus,Primo,1
áin-vakú,"sobrina paralela; o sea, hija de la hermana de una mujer, hija del hermano de un hombre.",sus,"Sobrino, sobrina",1
áin,esposa.,sus,"Esposo, esposa",1
aíntza,"cuñada de un hombre, hermana de la esposa.",sus,Familia política,1
ivóma,huérfano.,sus,Huérfano,1
chipí ,hermana menor de un hombre.,sus,"Familia, clan",1
káívo,"paisano, pariente, miembro del mismo grupo étnico.",sus,Raza,1
zútunkín,poner en fila.,vt,"Reunirse, formar un grupo",1
tzíztokóhohi,"reunirse, agruparse todos juntos.",vi,Reunirse,1
jízihí,visitar.,vi,Visitar,1
jannutú,su cumpleaños (de él o de ella).,sus,Ceremonia,1
kaní,carnaval.,sus,"Festival, espectáculo",1
rúú akín,tocar la flauta.,vt,Tocar música,1
jáva,canto que cantan después de tomar ayahuasca.,sus,Cantar,1
chíyun,"arco, instrumento musical.",sus,Instrumento musical,1
chírinhí,"bailar, danzar.",vi,Baile,1
paóx-paóxhki ,dar palmadas.,vi,Juego,1
piróta,fútbol. pelota.,sus,Jugar,1
múkaahí ,jugar.,vi,Jugar,1
múkaati-píshta,persona chistosa.,sus,Humor,2
ónanhí ,"acostumbrar, hacer algo con frecuencia.",vi,Comportamiento,2
shínanyá ,se dice de una persona que es buena o amable.,adj,"Bueno, moral",2
múkakíjahíka,"travieso, malcriado.",adj,Comportamiento inmaduro,1
vúchonhí ,"arrugarse, mirar con el ceño fruncido.",vi,Mal genio,1
=ra,enclítico usado en las exclamaciones.,vt,Admirar a alguien,2
iinyámakávizkin,ignorar a alguien.,vt,Despreciar a alguien,2
kopííkin ,vengarse.,vt,"Odiar, mala voluntad",2
xávakánavó,espíritus malos.,sus,Religión,2
=kihin,"acompañar a alguien, ayudar a alguien a hacer algo.",vt,Acompañar,2
íromáratzi,malcriado.,adj,Cruel,1
óntzakín ,engañar.,vt,Deshonesto,1
panahí,fingir.,vi,Real,1
íromáratzi,malcriado.,adj,Cruel,1
ráminnáhahi ,"delirar, desvariar o estar desvariado.",vi,Loco,1
íkaa,"costumbre, práctica cultural, cultura, hábito.",sus,Hábito,4
rákuu,peligroso.,adj,Peligro,4
ínaahí,sufrir.,vi,Sufrir,4
kúrux-yóvaa,"valiente, muy fuerte.",adj,Valentía,4
rákuuhái,"cobarde, miedoso.",adj,Cobardía,4
akinkin,ayudar a hacer algo.,vt,Ayudar a alguien que está en problemas,4
ápo,jefe.,sus,Persona con autoridad,4
níchinkín,"mandar, ordenar.",vt,Enviar a alguien,4
nínkaakín ,obedecer.,vt,Obedecer,4
júmahí ,"rehusarse a hacer algo, no estar de acuerdo con algo.",vi,Desobedecer,2
nónyan,en el fondo.,post,Posición baja,2
jamavó,"extranjeros, enemigos.",sus,Enemigo,2
xúpokín,"apresar, aprisionar, meter en el calabozo (se usa en el río Sepahua).",vt,Arrestar,2
maí ,"tierra, territorio, espacio geográfico.",sus,País,2
chániikín,"acusar, culpar.",vt,Culpar,3
kopííkin ,castigar.,vt,Castigar,3
karavózo,"cárcel, calabozo.",sus,Encarcelar,2
raavi,"rival, amante de la pareja.",sus,Enemigo,2
muhúnnahí,pelear.,vi,Enemigo,2
ónan,bravo.,adj,Enemigo,2
jamavó,"extranjeros, enemigos.",sus,Enemigo,2
chankánkin ,flechar repetidamente.,vt,"Arma, disparo",2
vuyahí ,"reconciliarse, amistarse con alguien después de un conflicto.",vi,Reconciliar,1
xávakánavó,espíritus malos.,sus,Religión,1
junu xáno yoshín,"sirena, mujer del agua.",sus,Ser sobrenatural,1
koma-raho,"chiric sanango (amz.), usado como piripiri para que a uno se le acerquen los animales y los pueda cazar con facilidad.",sus,Planta,1
yopóókin,"envenenar, causar la muerte, echar maldición.",vt,Maldecir,1
jíri-kákan,"canasta hecha de hojas de cetico, usada para guardar los pihuichos domesticados, etc.",sus,Herramienta para transportar,1
óxatí ,cama.,sus,Mobiliario,1
jíri-tápan,mesa (lit. plataforma para dormir).,sus,Mesa,2
kúnan,banca.,sus,Silla,2
kaká,cama.,sus,Cama,2
jírití,"comida, algo comestible.",sus,Comida,2
ímaa,"carne, generlamente de pescado, envuelta en hoja de bijao y asada al fuego.",sus,Preparación de comida/alimentos,2
jováhí,cocinarse.,vi,Métodos para cocinar,1
chákakín ,machacar.,vt,Pasos en la preparación de alimentos,1
rátzakín ,pelar (papaya).,vt,"Quitar la cáscara, la piel",2
chítaa,parte redonda de la base de una olla pequeña.,sus,Soplar aire,1
nápax,"cocido a punto tres cuartos, semicrudo.",adj,Servir los alimentos,1
ákin ,comer.,vt,Comer,1
nátuxkín,morder.,vt,Comida,1
vúnin,maíz molido con plátano maduro y tostado.,sus,Comida,1
náihí,"comer algo, como yuca o maíz, con carne.",vt,Forma de comer,1
áyakátzanáhi ,tener sed.,vi,"Hambriento, sediento",1
áyakín,"beber, tomar.",vt,Beber,1
chíchiká,cuchillo.,sus,Utensilios para comer,1
jíriyámahi,ayunar.,vi,"Ayunar, no comer",1
níhiz ,comestible refiriéndose a la carne en general.,adj,Alimentos procedentes de animales,1
máninha-cháho,plátano grande de seda de cáscara negra.,sus,Alimentos procedentes de plantas,2
cháxonrúnxan,cacao silvestre,sus,Alimentos procedentes de semillas,2
íshmin-máninhá,plátano de la isla de cáscara roja oscura.,sus,"Arbusto, maleza, matorral",2
atzá,yuca.,sus,Planta,2
chítu,animal de caza.,sus,Alimentos procedentes de animales,2
námi ,carne cortada.,sus,Carne,1
átza-póto,"fariña (amz.), harina de yuca.",sus,Ingredientes para cocinar,1
taaváta-póto,azúcar.,sus,Azúcar,1
tashí,sal.,sus,Sal,1
mízi,"humita, especie de tamal.",sus,Alimentos Preparados,1
átza-tókon,"masato (amz.), bebida fermentada de yuca.",sus,Preparación de bebidas alcohólicas,2
áyatí,"chicha, bebida de maíz fermentada.",sus,Preparación de bebidas alcohólicas,1
atzatokonhi,hacer masato.,vi,Preparación de bebidas alcohólicas,1
páhunha,"borracho, ebrio.",adj,Tabaco,1
romú ákin,"fumar, ya sea pipa o cigarrillo.",vt,Tabaco,1
chínuxúuti,cinturón.,sus,Ropa,1
chíraxatí,pantalón.,sus,Ropa para Caballeros,1
vachí,"falda, pampanilla (falda tradicional).",sus,Ropa para Damas,1
komavuzu,corona de mujer que se hacía envolviendo el raquis de la pluma de yuto.,sus,Adorno,1
chínuxúhuhi,hacerse un cinturón de corteza de árbol y ponérselo.,vi,Usar prendas de vestir,1
chínto,desnudo,sus,Desnudo,1
nári,remendado.,adj,Estilo de ropa,1
jónxu,fajas de adorno hechas de hilo y mullo.,sus,Adorno,1
kákuutí,collar grande que va desde el cuello y se cruza en el pecho.,sus,Joyería,1
chávox,tipo de concha pequeña.,sus,Animales pequeños,1
vooxúhuhi,peinarse.,vi,Rasurar,1
turúzhi,"cortarse el pelo, peluquearse.",vi,Rasurar,1
kúni-órokín,afeitarse (lit. cultivar la barba).,vt,Rasurar,1
múikánanhí,arañarse.,vi,"Tocar, contacto",1
chíhi,"candela, fuego.",sus,Fuego,1
jurúúkin,"alumbrar, encender, prender fuego.",vt,Prender fuego,1
nokákin,apagar.,vt,Apagar un fuego,1
júruuhí,"prenderse, quemarse.",vi,Prender fuego,1
chíhirúkun,"ascua, rescoldo.",sus,Lo que produce el fuego,2
káro,leña.,sus,Combustible,2
jávon,jabón.,sus,Limpiar,2
cháho ,sucio.,adj,"Limpio, sucio",2
chókiihí,lavarse.,vi,Bañar,1
chókakín,lavar.,vt,Lavar las vasijas,1
chákaakín,lavar ropa.,vt,Lavar la ropa,1
vazákin,"barrer, escarbar, rastrillar.",vt,"Barrer, rastrillar",1
xuxaxahahí,cepillarse o limpiarse los dientes.,vi,"Limpiar/sacudir, remover",1
óxahí,dormir.,vi,Dormir,1
námaahi ,soñar.,vi,Soñar,1
vúzohí,"despertarse, levantarse.",vi,Depertarse,3
jáhi ,vivir.,vi,"Vivir, habitar",3
yónohí,trabajar.,vi,Trabajar y Ocupación,4
yónohái,trabajador.,adj,Trabajador,4
ákin ,usar.,vi,Usar,4
vúxnuuhí,mermar.,vi,Consumir,3
chítukín,"cuidar, guardar, detener.",vt,Cuidar algo,3
aróhtikín,"acabar, terminar.",vt,"Completar, finalizar",3
yónotíma,"perezoso, ocioso, no sabe trabajar.",adj,Haragán,2
íromáhkin,hacer mal malograr.,vt,Fracasar,2
nontankín,remojar el maíz antes de sembrarlo.,vt,Agricultura,2
áztukin,cortar tallos de yuca para sembrar.,vt,Cortar,2
xukí,maíz.,sus,Cultivo maíz,2
pózi,maduro (sachapapa o yuca).,adj,Cultivo de papas,2
vaí,"chacra, sementera.",sus,Cultivo de vegetales,2
kúzakín,coger frutas.,vt,Cultivo de frutas,2
vái-kópa,chacra de plátanos.,sus,Cultivo de plátanos,2
taa-váta,caña de azúcar.,sus,Cultivo de la caña de azúcar,2
kázpakín,"sacar malas hierbas, cultivar.",vt,Limpiar un terreno,2
chákakín ,"sembrar, plantar.",vt,Sembrar un terreno,2
múxakín ,"arrancar, sacar jalando, por ejemplo, yuca, hierba, cabello.",vt,Cosechar,1
póztookín,podar.,vt,Podar plantas,1
múxakín ,"arrancar, sacar jalando, por ejemplo, yuca, hierba, cabello.",vt,Cosechar,1
rapíchi,"trapiche o cachete, palo para sacar el jugo de la caña de azúcar.",sus,Producto vegetal,1
xúpo,"afrecho, bagazo.",sus,Procesar la cosecha,1
xúmukín,desgranar.,vt,Moler granos,1
átza-vái,"yucal, chacra de yuca, terreno plantado de yuca.",sus,Granja,1
ína,"doméstico (animal), manso.",adj,Adjetivos,1
kochí,"chancho, cerdo.",sus,Cerdo,1
inó ,perro.,sus,Perro,1
átapa-róha,gallo.,sus,Animales Machos y Hembras,1
cháchikín ,"pinchar, picar con un harpón u otro objeto puntiagudo.",vt,Cacería y pesca,1
ávokín,perseguir y matar.,vt,Cacería,1
jóntankín,ir silenciosamente con el propósito de atrapar algo.,vt,Atrapar,2
axánkin,pescar con barbasco u otro veneno vegetal para marear a los peces.,vt,Pesca,2
ríkankín,pescar con red.,vt,Pescar con redes,2
míshkinkín,"anzuelear, pescar con anzuelo.",vt,Pescar con anzuelo,2
chikáro,"arpón, lanza. Se usa para picar lagarto, doncella, paco, huacahua, etc.",sus,"Arma, disparo",2
mutúúkin,picar en la mano (un insecto).,vt,Cosas que se hacen a los animales,2
tápaz,casa.,sus,Edificio/Construcción,2
máhotáti,tambo o pequeño albergue temporal que se construye en la chacra o en el camino para pasar la noche.,sus,Tipos de casas,2
íshratánti,viga.,sus,Partes de un edificio,2
chíkuu,"cerco, pared.",sus,Muro,2
makanontí,cumbrera del techo de una casa.,sus,Techo,2
tapó ,piso.,sus,Piso,2
vúva,puerta.,sus,Puerta,1
tápatí,escalera.,sus,"Pisos, niveles",1
íshratánti,viga.,sus,Partes de un edificio,1
kápakúúti,trocha que une dos ríos o meandros de un río en cualquier punto.,sus,Camino,1
zúnun ,"borde, límite, margen.",sus,Límite,1
ínaa,"empleado, criado, trabajador.",sus,Trabajar con tela,2
kúokín,"enhilar, pasar el hilo a través de algo.",vt,Trabajar con tela,2
chópa-xátu,tela.,sus,Tela,2
ii,uso.,sus,Devanar hilo,1
tíihkín,tejer con hilo.,vt,Tejer (trabajo de punto),1
jánunkín,allanar una olla por dentro.,vt,Trabajar con barro,1
paóxkin,"astillar, labrar madera.",vt,Trabajar con madera,1
jíí ,madera.,sus,Madera,2
pínuxúhuhí,amarrar abajo del pecho.,vi,Cordaje,2
tópikín ,tejer una canasta u otra cosa.,v,Arte,2
kúnuu ,"dibujo, diseño.",sus,Arte,1
kuchúxmakin,pintar alrededor de la boca o los labios de alguien.,vi,"Dibujar, pintar",2
vutzízkin,sacar una fotografía.,vt,Fotografía,2
chixókin,estriar la punta de una flecha antes de armarla.,vt,Escultura,2
jómox,aguja (usada en el río Sepahua).,sus,Herramienta,2
chíchiká,cuchillo.,sus,Utensilios para comer,2
chiyá,"flecha larga hecho de pijuayo para matar majaz, añuje y aves grandes como pucacunga, paujil, pava, etc.",sus,Herramientas para perforar,2
míti ,"tacarpo, palo con punta que sirve para sembrar maíz o arroz.",sus,Herramienta para cavar,2
máztantí,martillo.,sus,Herramientas para martillar,2
kákan,"canasta para llevar yuca, maíz, leña, etc.",sus,Herramienta para transportar,2
nínxo,"soga del monte, liana.",sus,Herramienta para sostener,2
achimáti,gancho.,sus,Herramienta para sostener,2
písha,bolsa.,sus,Bolsa,2
kunó ,filo.,sus,Partes de las herramientas,2
avion,avión.,sus,Máquina,1
ivókin,"dominar, gobernar, hacerse dueño de, poseer.",vt,"Ser dueño de, poseer",1
=ya ,"con, que tiene, se usa en expresiones posesivas.",vt,"Posesión, propiedad",1
víkin ,sacar.,vt,Sacar algo de cualquier otra cosa,3
shínanyá ,"generoso, que no es mezquino.",adj,Generoso,3
vashí,"mezquino, tacaño.",adj,Tacaño,1
marokín ,"vender, negociar.",vt,Comprar,1
marokín ,"vender, negociar.",vt,Comprar,1
¿kuzáhtin kópiira?,¿cuánto cuesta?,sus,Caro,1
kópii-kóvin,"caro, costoso, que cuesta mucho.",adj,Caro,1
kópiimá,barato.,adj,Barato,1
kopííkin ,pagar.,vt,Pagar,1
kóriikí,"plata, dinero.",sus,Dinero,1
jónuváhinkin,robar (algo e irse).,vt,Robar,1
párankín,engañar.,vt,Engañar,1
níhi,pararse.,vi,Estar de pie,1
chínyanhí,caerse y sentarse de cuclillas,vi,Sentarse,1
mánanrázkahi,echarse de espaldas.,vi,Acostarse,1
rámunkóhohi,arrodillarse.,vi,Arrodillarse,1
kákohí,agacharse.,vi,Agacharse,1
kámiihí,estirarse.,vi,Mover una parte del cuerpo,1
jíkihí ,entrar.,vi,Moverse,1
=kuu,"de un lado a otro, aquí y allá, dando la vuelta; morfema verbal perambulativo que indica que el evento descrito por el verbo anfitrión se realiza simultáneamente a un movimiento circular o moviéndose de un lugar a otro.",v,Manera de moverse,1
jámaakín,pisar.,vt,Caminar,1
nírikí-nírikíhi,correr.,vi,Correr,1
múpihí,gatear,vi,Arrastrarse,1
káshtiihí,"brincar, saltar.",vi,Saltar,1
koshí ,"rápidamente, rápido (corriendo).",adv,Moverse apresuradamente,1
chanpáhki,cojear.,vi,Caminar con dificultad,3
rashkíhki,resbalar.,vi,Resbalarse,3
jokónhi,"salir, aparecer",v,Moverse en una dirección,3
rúzokáhinhí,adelantarse.,vi,Avanzar,3
ínaahí,subir (sg.); se usa cuando el sujeto es singular.,vi,Ascender,3
ípaahí,"bajar (pl.), descender (pl.); es decir, el sujeto debe ser plural.",vi,Descender,3
pákuuhí ,caer.,vi,Dar vuelta,1
máyahí,"dar vueltas, girar, rotar.",vi,Dar vuelta,1
chíyuxkúhuhi,"dar vueltas, rodar.",vi,Moverse en círculos,1
vúyonkín,"balancear, mecer.",vt,Moverse hacia atrás y hacia adelante,1
nanuhi,"acercarse, aproximarse.",vi.e,Moverse hacia algo,1
chíruxkúhi,andar detrás de la casa.,vt,Ir,1
jóhi,"venir (sg.); es decir, el sujeto debe ser singular.",vi,Venir,1
káinhí ,salir (sing.).,vi,Partir,1
nókoohí,llegar.,vi,Llegar,2
nanúhi,"entrar, embarcarse.",vi,Mudarse a,2
kápookúhi,pasar por encima de algo o por el medio.,vi,"Pasar sobre, a través de",2
jotánhki,ir y regresar.,vi,Ir,2
chíviikín,"guiar una canoa con el remo, timonear.",vt,Viajar por agua,2
cháchivókin,"tanganear (amz.), avanzar en el río impulsando la canoa con un palo largo.",vt,Embarcación,2
tónpinkín ,"chapotear, nadar.",vt,Nadar,1
vúnohí,perderse.,vi,Perderse,1
=kihin,"acompañar a alguien, ayudar a alguien a hacer algo.",vt,Acompañar,1
chíronváhinkín,"seguir de cerca, seguir sin alcanzar.",vi,"Huir, perseguir",1
núxakín,amarrar.,vt,Escapar,1
páxahikáhi,"escapar, huir, correrse un sujeto singular.",vi,Escapar,1
vánuhí,"detenerse, quedarse.",vi,Dejar de moverse,1
kókoohí,atascarse.,vi,"Quedarse, permanecer",1
níchinkín,"mandar, ordenar.",vt,Enviar a alguien,1
jókoohí,"caerse, derramarse.",vi,Mover algo,1
íyaakín ,cargar a la espalda.,vt,Acarrear,1
múzpokín,coger un puñado.,vt,Atrapar,1
taríkin,sacudir.,vt,Sacudir,1
píruukín,tumbar árbol hueco para sacar miel o huevo de pájaro,vt,Sacar a golpes,1
múztunkín,enderezar.,vt,Enderezar,1
íyukín,traer a alguien.,vt,Mover algo en una dirección,1
íyaakín ,levantar.,vt,Levantar,2
kákuuhí,colgar del cuello.,vi,Colgar,1
vótukín,"bajar algo, hacer bajar a otro.",vt,Bajar algo,1
páxkin,"plantar un palo en el suelo, haciendo el hueco con el mismo palo.",vt,Meter,1
táziróhohi,"sacarse lo que uno tiene en los los pies, por ejemplo, las medias, o pelársele la piel de las patas de una gallina cuando uno le echa agua caliente.",vi,Sacar algo de cualquier otra cosa,3
xarákin,"arrastrar, jalar algo pesado.",vt,Halar/jalar,1
vúrankín,empujar.,vt,Empujar,1
íyokín,llevar a una persona.,vt,Llevar a un lugar,1
víkin ,coger.,vt,Tomar algo de un lugar,1
kúntukín,"cercar, cerrar, encerrar.",vt,Manipular algo,1
rámankin,tocar.,vt,Tocar,1
achikín ,recibir.,vt,Sostener,1
káuxkín,rascar la espalda con las uñas de la mano.,vt,Actividades de la mano,2
kopáxkin,apoyar la mandíbula en la mano y el brazo.,vt,Sostener,1
putáákin,"extender, tender.",vt,Extender,2
rávukín,voltear.,vt,Girar algo,2
tóvaahí,abrirse lentamente (las plantas).,vi,Abrir,2
kúvuunkín,"cerrar, encerrar.",vt,Cerrar,2
táxa,palizada.,sus,"Atajar, obstruir",2
maíkin,enterrar,vt,Cubrir,2
kápokín ,envolver.,vt,Envolver,2
puutí,"cargador, pretina y sogas para cargar el mitayo.",sus,Cacería,1
ínankín,dar.,vb,Dar,1
achikín ,recibir.,vt,Sostener,1
víkin ,sacar.,vt,Sacar algo de cualquier otra cosa,3
núkin,dejar.,vt,Dejar algo,1
mupúzkin,tirar algo en la mano.,vt,Tirar,1
árokín,"arreglar, reparar.",vt,Arreglar,1
tópikín ,juntar.,vt,Juntar,1
=paku,morfema distributivo.,vt,"Separar, esparcir",3
nútankín,"añadir, pegar.",vt,Incluir,3
pátaxkín,arrimar.,vt,"Unir, adjuntar",3
ánin,pegajoso.,adj,Adherirse el uno al otro,3
nútankín,"añadir, pegar.",vt,Incluir,3
nízakín,"raspar, rallar.",vt,"Remover, desprender",3
józihí,mezclarse.,vi,Mezclar,3
kátaxkín,"ajustar, amarrar.",vt,Atar,1
rízvii,soga.,sus,"Lazo, cuerda",1
rúnuxkín,hacer nudo.,vt,Enredo,1
vákin,"guardar, poner.",vt,Cuidar algo,1
kínchikín,amontonar,vt,Esconder,1
jónukín,esconder.,vt,Esconder,2
vúnakín,buscar.,vt,Buscar,2
ránankín,"encontrar, ir al encuentro de alguien que está viniendo.",vt,Encontrar,2
vúnokín,perder.,vt,"Perder, extraviar",2
chíntinkín,dar un puñetazo en la nalga.,vt,Impacto físico,2
katízkin,patear.,vt,Patear,1
chánokín,machucar.,vt,Presionar,1
máxaxáhahí,frotarse con algo en la cabeza.,vi,Frotar,1
chákakín ,machacar.,vt,Pasos en la preparación de alimentos,1
kámakín,tumbar.,vt,Dividir en pedazos,1
chípuxúhuhi,abrirse (el fruto de un árbol).,vi,Quebrar,1
áztukin,cortar tallos de yuca para sembrar.,vt,Cortar,2
óraxkin,rasgar,vt,"Rasgar, desgarrar",2
jótakín,hacer huecos.,vt,"Hacer un hoyo, abertura",1
pókinkín,cavar tierra.,vt,Cavar,1
páyo,"gastado, viejo, podrido.",adj,"Descomponer, desgastar",1
múhukín ,"malograr, estropear, arruinar, dañar.",vt,Dañar,1
póxakin,tumbar.,vt,Derrumbar,1
níshmarízhi,"desaparecer, terminar.",vi,Destruir,1
káhtin,mucho,adj,Número,1
kimishá,tres.,adj,Números cardinales,1
tíí,"solo, uno.",adj,Pesca,1
vákanáva,"mijano (amz.), cardumen.",sus,Pesca,1
tóponkín,contar.,vt,Conteo,1
=vo ,morfema plural nominal empleado con humanos.,sus,Diferente,1
=razi,"varios, diferentes.",sus,Diferente,1
túxkan,racimo.,sus,Partes de una planta,1
náha,"bastante, mucho, muchos. Cuantificador no numeral, puede ocurrir antes o después del núcleo nominal al que modifica.",adj,Más cantidad,1
vóhokín ,aumentar y llevar.,vt,Llevar a un lugar,1
kíyoo ,todo.,sus,Todo,1
túxu,"algunos, un grupo, unos cuantos.",adj,"Unos, algunos",1
jáztii ,"solo, último, único.",adj,"Solo, únicamente",1
kaxkú,"la mitad, pedazo.",sus,Parte,3
máánakín ,llenar completemente.,vt,"Lleno, completo",3
xávan,vacío.,adj,Vacío,1
tóha,grande.,adj,Grande,1
jaztó,demasiado pequeño.,adj,Pequeño,1
chaíí ,largo.,adj,Largo,1
manpá ,bajito.,adj,"Corto, no tan largo",1
chaíí ,alto.,adj,Alto,2
kúvin,"doble, grueso.",adj,Cerca,2
chíshna,"flaco, delgado.",adj,Cerca,1
órama,"cerca, menos distancia.",adj,Cerca,2
nová,"hondo, profundo.",adj,"Profundo, superficial",2
tíyo,tamaño.,adj,Tamaño,2
kúztoo ,pesado (madera).,adj,Pesado,1
vachó ,liavano (madera).,adj,Ligero en peso,4
múkun-nótzuntii,líneas de la mano.,sus,Línea,1
nózto,plano.,adj,Plano,1
cházton,torcido.,adj,Doblar,1
cháztonhí,torcerse.,vi,Enrollar,2
cháztonkín,"encorvar, torcer.",vt,"Torcer, retorcer",2
chinpókin,doblar (el cuerpo).,vt,Doblar,1
múchii,redondo.,adj,Redondo,1
nópon,"cóncavo, hundido, sumido.",adj,Hueco,1
kuhó,hueco en el labio. Se usa en el río Sepahua.,sus,Hueco,1
íshkun,filo de algo cuadrado.,sus,Cuadrado,1
púhookín,estirar un cuero antes de secarlo.,vt,Estirar,1
chónpí,arrugado.,adj,Textura,1
chávux,"ralloso, con bultitos, irregular.",adj,Suave,1
chóvox,áspero.,adj,Aspero,2
kunó ,afilado.,adj,Afilado,1
rúvo ,punta.,sus,Picudo/puntiagudo,2
vónto ,sin punta.,adj,"Despuntado, desafilado",1
jótakín,"alumbrar, iluminar, enfocar.",vt,Luz,2
shivínkin,hacer brillar.,vt,Brillo,2
shivin,"brilloso, que brilla",adj,Brillante,2
otá,sombra.,sus,Sombra,2
júakín,teñir.,vt,Color,2
joxó,"blanco, limpio.",adj,"Limpio, sucio",1
cháho ,negro.,adj,Negro,1
vínshin,"rojo, colorado.",adj,Espectro de colores,2
póku-póku,"rayado, usado para referirse a las colas con rayas de los animales como el achuni y, también, para los cuerpos con rayas como el de la cebra.",sus,"Colores de animales, marcas",2
váshakín,teñir (salpicar).,vt,Frío,1
ítziz,caliente.,adj,Frío,1
matzí ,frío,adj,Frío,1
=kaviz ,marcador gramatical que indica similitud o parecido.,adj,"Parecido, similar",1
=razi,"varios, diferentes.",adj,Diferente,2
=tza,otro.,adj,"Otro, otros",2
tánakín ,"imitar, remedar.",vt,Imitar,1
kaní,"duro, maduro.",adj,"Duro, firme",1
váyo ,"suave, débil.",adj,"Suave, débil",1
sháraa ,bueno.,adj,Bueno,1
iromá ,"malo, deshonesto.",adj,Malo,1
ísharáhi,empeorarse.,vi,Descomponerse,1
pítzihá,podrido.,adj,Descomponerse,1
tzízpo,basura.,sus,Basura,1
názkikín,adornar las flechas.,vt,Decorado,1
nutú ,día.,sus,Día,1
yámuu,"de noche, por la noche.",adv,Noche,2
=nóntu,"mañana. Puede combinarse con ""ova okuton"" para indicar 'pasado mañana'.",sus,Hora del día,2
káyaahi,"temprano en la mañana, como a las 7 u 8 de la mañana.",adv,Hora del día,2
oxú ,un mes.,sus,Mes,2
oviyaha,"invierno, estación de lluvias, aproximadamente desde diciembre hasta abril.",sus,Estación del año,2
vári-xútuu ,año.,sus,Año,1
vári ,la hora.,sus,Tiempo no definido,2
mázpanan ,mediodía (cuando el sol descansa en la coronilla).,sus,Decir la hora,1
váritopó,reloj.,sus,"Orden, secuencia",1
=tzin,"luego, tras, después de.",adv,"Orden, secuencia",1
vaijariviz,primeramente,adv,Series,1
chípo,"después, luego, a continuación.",adv,Ocurrir antes,1
váhokún,antes.,adv,Ocurrir antes,1
chípo,"después, luego, a continuación.",adv,Temprano,1
=nayaa,temprano.,adv,Temprano,1
yántan,tarde.,adv,Tarde,1
=ní,morfema de distancia tempora que indica pasado lejano.,adv,Pasado,1
ráma ,"ahora, actualmente, en estos días.",adv,Ahora,1
=katzi,tiempo futuro no inmediato.,adj,Futuro,2
=kanh,"estar a punto de, ser inminente algo. Se usa =kanh con bases de una sílaba y =kanhan con bases de más sílabas.",adj,Pronto,2
máxko ,tierno.,adj,Nuevo,2
xúni,"anciano, viejo.",adj,Otra vez,2
jakiriviz,otra vez.,adv,Otra vez,2
paxná ,"lento, que no se mueve rápidamente.",adj,Lento,2
nukurí,por acá.,adv,"Aquí, allá",2
nukú,este lado.,adv,Al lado de,2
naman,debajo.,post,"Abajo de, debajo de",2
=muran,"dentro, en.",post,Adentro,2
múikánanhí,arañarse.,vi,"Tocar, contacto",2
ráki ,algún lugar.,adv,Punto indefinido,2
jári ,"a (un lugar), posposición alativa.",post,Dirección,1
káchiihó,"atrás, detrás de.",adv,Hacia atrás,5
jáhori,"a la derecha, al lado derecho.",adv,"Derecha, izquierda",5
mánanhó,arriba,adv,Arriba,5
mapokí,"abajo en el río, río abajo.",adv,Abajo,5
=kiri,hacia.,post,Hacia,5
vári-jikiháí,oeste.,sus,"Norte, sur, este, oeste",5
máxkaahí,"faltar, no haber.",vi,Ausente,5
jánovín,"cualquier sitio, otras partes.",sus,"Espacio, lugar",5
tónko,"nudo, parte que sobresale, protuberancia.",sus,Redondo,5
mávuuti,cumbrera del techo de una casa.,sus,"Convertirse en, cambiar de estado",5
kúxaa,orilla.,post,"Convertirse en, cambiar de estado",5
cháhohí,"ennegrecerse, ponerse negro, volverse negro.",vi,"Convertirse en, cambiar de estado",5
ákin ,hacer.,vt,Hacer,5
kúzhi,"acontecer algo, pasar, ocurrir.",vi,Ocurrir,2
kopííkin ,responder.,vt,"Reaccionar, responder",4
píyakín,hacer flechas.,vt,Cambiar algo,1
cháhokín,ennegrecer.,vt,Cambiar algo,1
ichá ,"bastante, mucho, muchos.",adj,Adjetivos generales,1
ákaamá,todavía.,adv,Adverbios generales,1
=pan,marcador enfático.,adj,Componentes del discurso,1
ína,"doméstico (animal), manso.",adj,Adjetivos,1
ánaa,otra vez (se usa en el río Inuya).,adv,Adverbios,1
iyá ,"yo, pronombre personal de primera persona en función de sujeto. La forma ""iyax"" ocurre cuando el pronombre se refiere al sujeto de un verbo intransitivo y está en foco. La forma ""iyan"" ocurre cuando el pronombre se refiere al sujeto de un verbo transitivo y se ubica antes del verbo.",pro,Pronombres,1
jáú ,¿qué?,pro,Palabras interrogantes,1
nán,"este, esta, esto.",det,Pronombres demostrativos,1
=naki,en el medio de.,post,"Preposiciones, postposiciones",1
chá,exclamación de los hombres. Indica sorpresa o que se ha dado cuenta de algo.,interj,Interjecciones/Exclamaciones,1
mómoshí-mómoshíhki,"fermentar, burbujear.",vi,Idiófonos,1
ma-,"en la cabeza, en relación a la cabeza.",CLIT,Afijos de verbos,1
ma-,"en la cabeza, en relación a la cabeza.",CLIT,Afijos de verbos,1
ma-,"en la cabeza, en relación a la cabeza.",CLIT,Afijos de verbos,1
ma-,"en la cabeza, en relación a la cabeza.",CLIT,Afijos de verbos,1
=kovin ,muy; morfema intensificador.,CLIT,Muy,1
=kuu,"de un lado a otro, aquí y allá, dando la vuelta; morfema verbal perambulativo que indica que el evento descrito por el verbo anfitrión se realiza simultáneamente a un movimiento circular o moviéndose de un lugar a otro.",v,Manera de moverse,2
=ha,perfecto resultativo; voz pasiva cuando está acompañado del pluralizador =vo.,v,Tiempo y aspecto,2
=ha,pasado inmediato perfecto de primera persona.,v,Tiempo,2
=mihki,"segunda persona singular, aspecto actual.;",v,Aspecto--verbos dinámicos,2
=nox,"usualmente, habitualmente; morfema que indica aspecto habitual.",v,Aspecto--verbos stativos,2
=kahan,casi hacer algo pero no lograrlo.,v,Modalidades Agente-orientado,2
=ti ,"poder hacer algo, morfema verbal que indica habilidad.",v,Poder,1
-u,marcador verbal imperativo usado por mujeres.,v,Imperativo,1
=tzi ,INT,CLIT,Interrogativa,1
=ra,"tal vez, quizá, especulación.",conn,Posible,1
=yama,"no, morfema negativo que se combina con el verbo.",conn,Negativa,1
javíkin,"aunque, a pesar de.",conn,Cláusulas adverbiales,1
=x,sujeto intransitivo en función de foco.,post,Caso,1
=vu,"con, variante del morfema conmitativo que coocurre solo con verbos intransitivos.",post,"con, estar con",1
=vu,"con, variante del morfema conmitativo que coocurre solo con verbos intransitivos.",post,"con, estar con",3
=rókon ,"más bien, de preferencia; aparece en expresiones comparativas.",sus,Pero,3
iinjun,"ves, marcador discursivo que aparece al final de los turnos de conversación.",sus,Indicadores del discurso,1
=vi,marcador enfático.,sus,Indicadores de énfasis,1
=mun,FOC,sus,Indicadores del foco de atención,1
jánu,nombre.,sus,Nombre de una persona,1
Ínovó,segmento nombrado patrilineal de la etnia amahuaca conocido como Gente Tigre o Los Tigre.,sus,Nombres del clan,1
=niko ,"morfema verbal que expresa afecto, cariño y familiaridad.",sus,Términos cariñosos,1
Inoyá,Río Inuya.,sus,Río,none
nihi-ino,lobo.,sus,Nombres de animales,none
